[{"id":"user-image-Screenshot_2.png","publicUrl":"np://user.desktop.nicepage.com/Site_265435022/images/Screenshot_2.png","size":74957,"hash":"YsZ7CoCPsGPDm/damHBvL70/qqo=","fileName":"Screenshot_2.png","name":"Screenshot_2","width":381,"height":384,"thumbnail":{"url":"np://user.desktop.nicepage.com/Site_265435022/images/thumbnails/Screenshot_2.png","width":248,"height":250},"folderId":null,"usages":["42277946"]},{"id":"user-image-2222-removebg-preview.png","publicUrl":"np://user.desktop.nicepage.com/Site_265435022/images/2222-removebg-preview.png","size":68081,"hash":"/iDBlpWy/HkeqnX0o6jfKnJjrkM=","fileName":"2222-removebg-preview.png","name":"2222-removebg-preview","width":557,"height":448,"thumbnail":{"url":"np://user.desktop.nicepage.com/Site_265435022/images/thumbnails/2222-removebg-preview.png","width":250,"height":201},"folderId":null,"usages":["266530574"]},{"id":"user-image-3333-removebg-preview.png","publicUrl":"np://user.desktop.nicepage.com/Site_265435022/images/3333-removebg-preview.png","size":63987,"hash":"thy2R7+pE26S8asFn/rALUdCLU8=","fileName":"3333-removebg-preview.png","name":"3333-removebg-preview","width":585,"height":427,"thumbnail":{"url":"np://user.desktop.nicepage.com/Site_265435022/images/thumbnails/3333-removebg-preview.png","width":250,"height":182},"folderId":null,"usages":["266530574"]},{"id":"user-image-111-removebg-preview.png","publicUrl":"np://user.desktop.nicepage.com/Site_265435022/images/111-removebg-preview.png","size":121342,"hash":"40F7IA5eaSdkNHPKBsDd8khfVdQ=","fileName":"111-removebg-preview.png","name":"111-removebg-preview","width":614,"height":406,"thumbnail":{"url":"np://user.desktop.nicepage.com/Site_265435022/images/thumbnails/111-removebg-preview.png","width":250,"height":165},"folderId":null,"usages":["266530574"]},{"id":"user-image-bw15_5yj1_230116-removebg-preview.png","publicUrl":"np://user.desktop.nicepage.com/Site_265435022/images/bw15_5yj1_230116-removebg-preview.png","size":73753,"hash":"xnDGx8RLudSBw55hg4XavEbPxi8=","fileName":"bw15_5yj1_230116-removebg-preview.png","name":"bw15_5yj1_230116-removebg-preview","width":744,"height":335,"thumbnail":{"url":"np://user.desktop.nicepage.com/Site_265435022/images/thumbnails/bw15_5yj1_230116-removebg-preview.png","width":250,"height":113},"folderId":null,"usages":["266530574"]},{"id":"user-image-63aa94cdfd963154e842accca49f1810-removebg-preview.png","publicUrl":"np://user.desktop.nicepage.com/Site_265435022/images/63aa94cdfd963154e842accca49f1810-removebg-preview.png","size":27870,"hash":"DV381Gw9+Qj88cTl0rZG+8UA7Fk=","fileName":"63aa94cdfd963154e842accca49f1810-removebg-preview.png","name":"63aa94cdfd963154e842accca49f1810-removebg-preview","width":550,"height":453,"thumbnail":{"url":"np://user.desktop.nicepage.com/Site_265435022/images/thumbnails/63aa94cdfd963154e842accca49f1810-removebg-preview.png","width":250,"height":206},"folderId":null,"usages":["266530574"]},{"id":"user-image-istockphoto-506494891-612x612-removebg-preview.png","publicUrl":"np://user.desktop.nicepage.com/Site_265435022/images/istockphoto-506494891-612x612-removebg-preview.png","size":111846,"hash":"oq0SIimexGgxT4+Z/3K8S7gs/Qo=","fileName":"istockphoto-506494891-612x612-removebg-preview.png","name":"istockphoto-506494891-612x612-removebg-preview","width":500,"height":500,"thumbnail":{"url":"np://user.desktop.nicepage.com/Site_265435022/images/thumbnails/istockphoto-506494891-612x612-removebg-preview.png","width":250,"height":250},"folderId":null,"usages":["266530574"]},{"id":"user-image-target-147922_1280.webp","publicUrl":"np://user.desktop.nicepage.com/Site_265435022/images/target-147922_1280.webp","size":72830,"hash":"L6p86+lK9VP9YSqFjViJCoTttEU=","fileName":"target-147922_1280.webp","name":"target-147922_1280","width":1280,"height":1280,"thumbnail":{"url":"np://user.desktop.nicepage.com/Site_265435022/images/target-147922_1280.webp","width":250,"height":250},"folderId":null,"usages":["266530574"]},{"id":"user-image-51LSbrdDdKL._SY445_SX342_.jpg","publicUrl":"np://user.desktop.nicepage.com/Site_265435022/images/51LSbrdDdKL._SY445_SX342_.jpg","size":27736,"hash":"FJiWWFDvFCqZ2BkCmA8a+pK0NH4=","fileName":"51LSbrdDdKL._SY445_SX342_.jpg","name":"51LSbrdDdKL._SY445_SX342_","width":303,"height":445,"thumbnail":{"url":"np://user.desktop.nicepage.com/Site_265435022/images/thumbnails/51LSbrdDdKL._SY445_SX342_.jpg","width":170,"height":250},"folderId":null,"usages":["2995924279"]},{"id":"user-image-516VOgxwg2L._SY445_SX342_.jpg","publicUrl":"np://user.desktop.nicepage.com/Site_265435022/images/516VOgxwg2L._SY445_SX342_.jpg","size":26100,"hash":"CqqhozkWNwQyz/8OgfWH2JQ7ues=","fileName":"516VOgxwg2L._SY445_SX342_.jpg","name":"516VOgxwg2L._SY445_SX342_","width":303,"height":445,"thumbnail":{"url":"np://user.desktop.nicepage.com/Site_265435022/images/thumbnails/516VOgxwg2L._SY445_SX342_.jpg","width":170,"height":250},"folderId":null,"usages":["2995924279"]},{"id":"user-image-71KGGRF6WTL._SY466_.jpg","publicUrl":"np://user.desktop.nicepage.com/Site_265435022/images/71KGGRF6WTL._SY466_.jpg","size":23837,"hash":"sY6JWJ6iCLWl7/JWX+GXHmBS9lo=","fileName":"71KGGRF6WTL._SY466_.jpg","name":"71KGGRF6WTL._SY466_","width":332,"height":466,"thumbnail":{"url":"np://user.desktop.nicepage.com/Site_265435022/images/thumbnails/71KGGRF6WTL._SY466_.jpg","width":178,"height":250},"folderId":null,"usages":["2995924279"]},{"id":"user-image-A1aYsNV686L._SY466_.jpg","publicUrl":"np://user.desktop.nicepage.com/Site_265435022/images/A1aYsNV686L._SY466_.jpg","size":80343,"hash":"exHiT+/+pbui2vCw1kXX0e5wW7w=","fileName":"A1aYsNV686L._SY466_.jpg","name":"A1aYsNV686L._SY466_","width":392,"height":466,"thumbnail":{"url":"np://user.desktop.nicepage.com/Site_265435022/images/thumbnails/A1aYsNV686L._SY466_.jpg","width":210,"height":250},"folderId":null,"usages":["2995924279"]},{"id":"user-image-41JmBaL0FUL._SY445_SX342_.jpg","publicUrl":"np://user.desktop.nicepage.com/Site_265435022/images/41JmBaL0FUL._SY445_SX342_.jpg","size":19782,"hash":"halRdftYw3yM+tX9GSd7tr6P56A=","fileName":"41JmBaL0FUL._SY445_SX342_.jpg","name":"41JmBaL0FUL._SY445_SX342_","width":310,"height":445,"thumbnail":{"url":"np://user.desktop.nicepage.com/Site_265435022/images/thumbnails/41JmBaL0FUL._SY445_SX342_.jpg","width":174,"height":250},"folderId":null,"usages":["2995924279"]},{"id":"user-image-51cdeJRK30S._SY445_SX342_.jpg","publicUrl":"np://user.desktop.nicepage.com/Site_265435022/images/51cdeJRK30S._SY445_SX342_.jpg","size":33306,"hash":"AymKa19Dn3MUxWjw+XOnk8TwShg=","fileName":"51cdeJRK30S._SY445_SX342_.jpg","name":"51cdeJRK30S._SY445_SX342_","width":325,"height":445,"thumbnail":{"url":"np://user.desktop.nicepage.com/Site_265435022/images/thumbnails/51cdeJRK30S._SY445_SX342_.jpg","width":183,"height":250},"folderId":null,"usages":["2995924279"]},{"id":"user-image-91MAequ2koL._SY466_.jpg","publicUrl":"np://user.desktop.nicepage.com/Site_265435022/images/91MAequ2koL._SY466_.jpg","size":54659,"hash":"oodk2mAQURQholWKAIh5FNuqg8E=","fileName":"91MAequ2koL._SY466_.jpg","name":"91MAequ2koL._SY466_","width":319,"height":466,"thumbnail":{"url":"np://user.desktop.nicepage.com/Site_265435022/images/thumbnails/91MAequ2koL._SY466_.jpg","width":171,"height":250},"folderId":null,"usages":["2995924279"]},{"id":"user-image-71oZmNhST-L._SY466_.jpg","publicUrl":"np://user.desktop.nicepage.com/Site_265435022/images/71oZmNhST-L._SY466_.jpg","size":51843,"hash":"IZfB/iQD3ESvAXG1HoIroUr3HGE=","fileName":"71oZmNhST-L._SY466_.jpg","name":"71oZmNhST-L._SY466_","width":466,"height":466,"thumbnail":{"url":"np://user.desktop.nicepage.com/Site_265435022/images/thumbnails/71oZmNhST-L._SY466_.jpg","width":250,"height":250},"folderId":null,"usages":["2995924279"]},{"id":"user-image-41yToN1cOML._SY445_SX342_.jpg","publicUrl":"np://user.desktop.nicepage.com/Site_265435022/images/41yToN1cOML._SY445_SX342_.jpg","size":19222,"hash":"eCJZYGC0LLXrv89sVxKVoV52x04=","fileName":"41yToN1cOML._SY445_SX342_.jpg","name":"41yToN1cOML._SY445_SX342_","width":299,"height":445,"thumbnail":{"url":"np://user.desktop.nicepage.com/Site_265435022/images/thumbnails/41yToN1cOML._SY445_SX342_.jpg","width":168,"height":250},"folderId":null,"usages":["2995924279"]},{"id":"user-image-419ZXHWq9AL._SY445_SX342_.jpg","publicUrl":"np://user.desktop.nicepage.com/Site_265435022/images/419ZXHWq9AL._SY445_SX342_.jpg","size":12582,"hash":"FzwSTYxM1+lKZcUvwt+9EGpahug=","fileName":"419ZXHWq9AL._SY445_SX342_.jpg","name":"419ZXHWq9AL._SY445_SX342_","width":324,"height":445,"thumbnail":{"url":"np://user.desktop.nicepage.com/Site_265435022/images/thumbnails/419ZXHWq9AL._SY445_SX342_.jpg","width":182,"height":250},"folderId":null,"usages":["2995924279"]},{"id":"user-image-91HZc10R5lS._SY466_.jpg","publicUrl":"np://user.desktop.nicepage.com/Site_265435022/images/91HZc10R5lS._SY466_.jpg","size":17167,"hash":"AegDIKRA2fpjG2LUufuBVplzYk0=","fileName":"91HZc10R5lS._SY466_.jpg","name":"91HZc10R5lS._SY466_","width":308,"height":466,"thumbnail":{"url":"np://user.desktop.nicepage.com/Site_265435022/images/thumbnails/91HZc10R5lS._SY466_.jpg","width":165,"height":250},"folderId":null,"usages":["2995924279"]},{"id":"user-image-911SUO3vUL._SY466_.jpg","publicUrl":"np://user.desktop.nicepage.com/Site_265435022/images/911SUO3vUL._SY466_.jpg","size":29208,"hash":"XsfVEvVhGzj8CvRZMSyWHnRSYL8=","fileName":"911SUO3vUL._SY466_.jpg","name":"911SUO3vUL._SY466_","width":324,"height":466,"thumbnail":{"url":"np://user.desktop.nicepage.com/Site_265435022/images/thumbnails/911SUO3vUL._SY466_.jpg","width":174,"height":250},"folderId":null,"usages":["2995924279"]},{"id":"user-image-81E9scx1JBL._SY466_1.jpg","publicUrl":"np://user.desktop.nicepage.com/Site_265435022/images/81E9scx1JBL._SY466_1.jpg","size":28695,"hash":"MAsCd14psukv5BmEOPguHqYFmc4=","fileName":"81E9scx1JBL._SY466_1.jpg","name":"81E9scx1JBL._SY466_1","width":303,"height":466,"thumbnail":{"url":"np://user.desktop.nicepage.com/Site_265435022/images/thumbnails/81E9scx1JBL._SY466_1.jpg","width":163,"height":250},"folderId":null,"usages":["2995924279"]},{"id":"user-image-71QS2yNxhoL._SY466_.jpg","publicUrl":"np://user.desktop.nicepage.com/Site_265435022/images/71QS2yNxhoL._SY466_.jpg","size":42220,"hash":"MVDdL7ZUVKF7Yf8iHjBJq1zE0zc=","fileName":"71QS2yNxhoL._SY466_.jpg","name":"71QS2yNxhoL._SY466_","width":319,"height":466,"thumbnail":{"url":"np://user.desktop.nicepage.com/Site_265435022/images/thumbnails/71QS2yNxhoL._SY466_.jpg","width":171,"height":250},"folderId":null,"usages":["2995924279"]},{"id":"user-image-51nk0ARzTnL._SY445_SX342_.jpg","publicUrl":"np://user.desktop.nicepage.com/Site_265435022/images/51nk0ARzTnL._SY445_SX342_.jpg","size":21750,"hash":"bgEg0Naet92d66Lz6ktaYz3hn2E=","fileName":"51nk0ARzTnL._SY445_SX342_.jpg","name":"51nk0ARzTnL._SY445_SX342_","width":335,"height":445,"thumbnail":{"url":"np://user.desktop.nicepage.com/Site_265435022/images/thumbnails/51nk0ARzTnL._SY445_SX342_.jpg","width":188,"height":250},"folderId":null,"usages":["2995924279"]},{"id":"user-image-41ziC4vXKBL._SY445_SX342_.jpg","publicUrl":"np://user.desktop.nicepage.com/Site_265435022/images/41ziC4vXKBL._SY445_SX342_.jpg","size":22984,"hash":"XuEpd1B3aJKP8RUX33oAjAjaS04=","fileName":"41ziC4vXKBL._SY445_SX342_.jpg","name":"41ziC4vXKBL._SY445_SX342_","width":310,"height":445,"thumbnail":{"url":"np://user.desktop.nicepage.com/Site_265435022/images/thumbnails/41ziC4vXKBL._SY445_SX342_.jpg","width":174,"height":250},"folderId":null,"usages":["2995924279"]},{"id":"user-image-71qGv59DizL._SY466_.jpg","publicUrl":"np://user.desktop.nicepage.com/Site_265435022/images/71qGv59DizL._SY466_.jpg","size":18722,"hash":"2Ys0KQcC3xUuK7ERgS5V8rRu7/Y=","fileName":"71qGv59DizL._SY466_.jpg","name":"71qGv59DizL._SY466_","width":292,"height":466,"thumbnail":{"url":"np://user.desktop.nicepage.com/Site_265435022/images/thumbnails/71qGv59DizL._SY466_.jpg","width":157,"height":250},"folderId":null,"usages":["2995924279"]},{"id":"user-image-81MoknVer8L._SY466_.jpg","publicUrl":"np://user.desktop.nicepage.com/Site_265435022/images/81MoknVer8L._SY466_.jpg","size":37925,"hash":"l3AhCj+o29PItLOg04Q2yg6MKxM=","fileName":"81MoknVer8L._SY466_.jpg","name":"81MoknVer8L._SY466_","width":311,"height":466,"thumbnail":{"url":"np://user.desktop.nicepage.com/Site_265435022/images/thumbnails/81MoknVer8L._SY466_.jpg","width":167,"height":250},"folderId":null,"usages":["2995924279"]},{"id":"user-image-81J-fsA-wpL._SY466_.jpg","publicUrl":"np://user.desktop.nicepage.com/Site_265435022/images/81J-fsA-wpL._SY466_.jpg","size":33384,"hash":"7kgDagfvGbEJGQtCHgy7IxPkmtg=","fileName":"81J-fsA-wpL._SY466_.jpg","name":"81J-fsA-wpL._SY466_","width":324,"height":466,"thumbnail":{"url":"np://user.desktop.nicepage.com/Site_265435022/images/thumbnails/81J-fsA-wpL._SY466_.jpg","width":174,"height":250},"folderId":null,"usages":["2995924279"]},{"id":"user-image-image20.png","publicUrl":"np://user.desktop.nicepage.com/Site_265435022/images/image20.png","size":2443792,"hash":"Sbo+aHv2gTn0XbdpjnYOQ5hoZCM=","fileName":"image20.png","name":"image20","width":1025,"height":1500,"thumbnail":{"url":"np://user.desktop.nicepage.com/Site_265435022/images/thumbnails/image20.png","width":171,"height":250},"folderId":null,"usages":["2995924279"]},{"id":"user-image-image19.png","publicUrl":"np://user.desktop.nicepage.com/Site_265435022/images/image19.png","size":3947,"hash":"ZzuGFPdjcTRTph2PF2NteqyLWnI=","fileName":"image19.png","name":"image19","width":100,"height":100,"thumbnail":{"url":"np://user.desktop.nicepage.com/Site_265435022/images/thumbnails/image19.png","width":100,"height":100,"length":3947,"type":"png"},"folderId":null,"usages":["54243839"]},{"id":"user-image-image17.png","publicUrl":"np://user.desktop.nicepage.com/Site_265435022/images/image17.png","size":11823,"hash":"mojNJ1rvqGJ2gjK8feq5HJ4fTo0=","fileName":"image17.png","name":"image17","width":100,"height":100,"thumbnail":{"url":"np://user.desktop.nicepage.com/Site_265435022/images/thumbnails/image17.png","width":100,"height":100,"length":11823,"type":"png"},"folderId":null,"usages":["96979240"]},{"id":"user-image-image16.png","publicUrl":"np://user.desktop.nicepage.com/Site_265435022/images/image16.png","size":11127,"hash":"t1t+YDRvfvzXd4a2wBDHoSnAqm8=","fileName":"image16.png","name":"image16","width":100,"height":100,"thumbnail":{"url":"np://user.desktop.nicepage.com/Site_265435022/images/thumbnails/image16.png","width":100,"height":100,"length":11127,"type":"png"},"folderId":null,"usages":["96979240"]},{"id":"user-image-image15.png","publicUrl":"np://user.desktop.nicepage.com/Site_265435022/images/image15.png","size":13001,"hash":"+Ojp/rhbj4UIBUZG36IIGR+epCk=","fileName":"image15.png","name":"image15","width":100,"height":100,"thumbnail":{"url":"np://user.desktop.nicepage.com/Site_265435022/images/thumbnails/image15.png","width":100,"height":100,"length":13001,"type":"png"},"folderId":null,"usages":["96979240"]},{"id":"user-image-image11.png","publicUrl":"np://user.desktop.nicepage.com/Site_265435022/images/image11.png","size":14360,"hash":"y8qBGWwIjSkYf3ssgoM3BHQq1lo=","fileName":"image11.png","name":"image11","width":329,"height":153,"thumbnail":{"url":"np://user.desktop.nicepage.com/Site_265435022/images/thumbnails/image11.png","width":250,"height":116},"folderId":null,"usages":["550025424","42277946"]},{"id":"user-image-CobrimosQualquerOfertaReelsdoInstagram.jpg","publicUrl":"np://user.desktop.nicepage.com/Site_265435022/images/CobrimosQualquerOfertaReelsdoInstagram.jpg","size":223711,"hash":"HB4Gc7TPfvc89a5bVaw3ulUvqE4=","fileName":"CobrimosQualquerOfertaReelsdoInstagram.jpg","name":"CobrimosQualquerOfertaReelsdoInstagram","width":1080,"height":1920,"thumbnail":{"url":"np://user.desktop.nicepage.com/Site_265435022/images/thumbnails/CobrimosQualquerOfertaReelsdoInstagram.jpg","width":141,"height":250},"folderId":null,"usages":["550025424","42277946"]},{"id":"user-image-c73672_c9cc4959265946a183699ae4a5622ac7_mv2-removebg-preview1.png","publicUrl":"np://user.desktop.nicepage.com/Site_265435022/images/c73672_c9cc4959265946a183699ae4a5622ac7_mv2-removebg-preview1.png","size":97041,"hash":"l4KQ36qgJsOANNVgwnnwyQewYq4=","fileName":"c73672_c9cc4959265946a183699ae4a5622ac7_mv2-removebg-preview1.png","name":"c73672_c9cc4959265946a183699ae4a5622ac7_mv2-removebg-preview1","width":594,"height":420,"thumbnail":{"url":"np://user.desktop.nicepage.com/Site_265435022/images/thumbnails/c73672_c9cc4959265946a183699ae4a5622ac7_mv2-removebg-preview1.png","width":250,"height":177},"folderId":null,"usages":["550025424","42277946"]},{"id":"user-image-editorajbc-330-removebg-preview.png","publicUrl":"np://user.desktop.nicepage.com/Site_265435022/images/editorajbc-330-removebg-preview.png","size":39472,"hash":"yV6rmYm/CGYGxC5NwiiiM6Vk/6Q=","fileName":"editorajbc-330-removebg-preview.png","name":"editorajbc-330-removebg-preview","width":315,"height":315,"thumbnail":{"url":"np://user.desktop.nicepage.com/Site_265435022/images/thumbnails/editorajbc-330-removebg-preview.png","width":250,"height":250},"folderId":null,"usages":["550025424","42277946"]},{"id":"user-image-image9.png","publicUrl":"np://user.desktop.nicepage.com/Site_265435022/images/image9.png","size":130099,"hash":"rWa9L8Uo+lY8zbr1IHX76AzWEi0=","fileName":"image9.png","name":"image9","width":2048,"height":2048,"thumbnail":{"url":"np://user.desktop.nicepage.com/Site_265435022/images/thumbnails/image9.png","width":250,"height":250},"folderId":null,"usages":["550025424","42277946"]},{"id":"user-image-image4.png","publicUrl":"np://user.desktop.nicepage.com/Site_265435022/images/image4.png","size":194906,"hash":"mk5tPn2HOmX96OVeruVl+xR6fZo=","fileName":"image4.png","name":"image4","width":307,"height":407,"thumbnail":{"url":"np://user.desktop.nicepage.com/Site_265435022/images/thumbnails/image4.png","width":189,"height":250},"folderId":null,"usages":["550025424","42277946"]},{"id":"user-image-image3.png","publicUrl":"np://user.desktop.nicepage.com/Site_265435022/images/image3.png","size":358967,"hash":"WojQx3qK9QMSTwoFhUc0mS0dRqw=","fileName":"image3.png","name":"image3","width":336,"height":487,"thumbnail":{"url":"np://user.desktop.nicepage.com/Site_265435022/images/thumbnails/image3.png","width":172,"height":250},"folderId":null,"usages":["550025424","42277946"]},{"id":"user-image-image2.png","publicUrl":"np://user.desktop.nicepage.com/Site_265435022/images/image2.png","size":172824,"hash":"SE3R1rPCaxSRNbg91ngzscQEA6M=","fileName":"image2.png","name":"image2","width":332,"height":473,"thumbnail":{"url":"np://user.desktop.nicepage.com/Site_265435022/images/thumbnails/image2.png","width":175,"height":250},"folderId":null,"usages":["550025424","42277946"]},{"id":"user-image-image1.png","publicUrl":"np://user.desktop.nicepage.com/Site_265435022/images/image1.png","size":239023,"hash":"xSNjrLxO4gxKV24qYEv/LgkcnnY=","fileName":"image1.png","name":"image1","width":341,"height":503,"thumbnail":{"url":"np://user.desktop.nicepage.com/Site_265435022/images/thumbnails/image1.png","width":169,"height":250},"folderId":null,"usages":["550025424","42277946"]},{"id":"user-image-6888606-removebg-preview.png","publicUrl":"np://user.desktop.nicepage.com/Site_265435022/images/6888606-removebg-preview.png","size":161137,"hash":"iGXDEIPwT6ItW5U/MUC/vDU1wjc=","fileName":"6888606-removebg-preview.png","name":"6888606-removebg-preview","width":500,"height":500,"thumbnail":{"url":"np://user.desktop.nicepage.com/Site_265435022/images/thumbnails/6888606-removebg-preview.png","width":250,"height":250},"folderId":null,"usages":["550025424","42277946"]},{"id":"user-image-coollogo_com-139794243.png","publicUrl":"np://user.desktop.nicepage.com/Site_265435022/images/coollogo_com-139794243.png","size":32902,"hash":"u2H9+juV0QBODyN83bdPtIHIBzg=","fileName":"coollogo_com-139794243.png","name":"coollogo_com-139794243","width":580,"height":168,"thumbnail":{"url":"np://user.desktop.nicepage.com/Site_265435022/images/thumbnails/coollogo_com-139794243.png","width":250,"height":72},"folderId":null,"usages":["550025424","96979240","54243839","266530574","42277946"]},{"id":"user-image-fresh.png","publicUrl":"np://user.desktop.nicepage.com/Site_265435022/images/fresh.png","size":133310,"hash":"MgBIS/8MIAOI98yw8kQc+DvQzGg=","fileName":"fresh.png","name":"fresh","width":1920,"height":1080,"thumbnail":{"url":"np://user.desktop.nicepage.com/Site_265435022/images/thumbnails/fresh.png","width":250,"height":141},"folderId":null,"usages":["550025424","42277946"]}]