[{"id":43217773,"title":"Blog Template","order":1,"templateKey":"blog","customTemplate":false,"customTemplateFilename":null,"pageLinks":[],"dateCreated":"2023-10-09T15:27:49.831Z","dateUpdated":"2023-10-09T15:27:51.250Z","folderId":null,"pageName":"Blog Template","serverPageId":null,"status":2,"backwardUrl":null},{"id":77044359,"title":"Post Template","order":2,"templateKey":"post","customTemplate":false,"customTemplateFilename":null,"pageLinks":[],"dateCreated":"2023-10-09T15:27:49.953Z","dateUpdated":"2023-10-09T15:27:51.251Z","folderId":null,"pageName":"Post Template","serverPageId":null,"status":2,"backwardUrl":null},{"id":5815753,"title":"Product List Template","order":3,"templateKey":"products","customTemplate":false,"customTemplateFilename":null,"pageLinks":[],"dateCreated":"2023-10-09T15:27:50.086Z","dateUpdated":"2023-10-09T15:27:51.251Z","folderId":null,"pageName":"Product List Template","serverPageId":null,"status":2,"backwardUrl":null},{"id":57942551,"title":"Product Details Template","order":4,"templateKey":"product","customTemplate":false,"customTemplateFilename":null,"pageLinks":[],"dateCreated":"2023-10-09T15:27:50.220Z","dateUpdated":"2023-10-09T15:27:51.251Z","folderId":null,"pageName":"Product Details Template","serverPageId":null,"status":2,"backwardUrl":null},{"id":2756929357,"title":"Shopping Cart Template","order":5,"templateKey":"cart","customTemplate":false,"customTemplateFilename":null,"pageLinks":[],"dateCreated":"2023-10-09T15:27:50.335Z","dateUpdated":"2023-10-09T15:27:51.251Z","folderId":null,"pageName":"Shopping Cart Template","serverPageId":null,"status":2,"backwardUrl":null},{"id":2335511249,"title":"Checkout Template","order":6,"templateKey":"checkout","customTemplate":false,"customTemplateFilename":null,"pageLinks":[],"dateCreated":"2023-10-09T15:27:50.492Z","dateUpdated":"2023-10-09T15:27:51.251Z","folderId":null,"pageName":"Checkout Template","serverPageId":null,"status":2,"backwardUrl":null},{"id":1549219085,"title":"Login Template","order":7,"templateKey":"login","customTemplate":false,"customTemplateFilename":null,"pageLinks":[],"dateCreated":"2023-10-09T15:27:50.581Z","dateUpdated":"2023-10-09T15:27:51.251Z","folderId":null,"pageName":"Login Template","serverPageId":null,"status":2,"backwardUrl":null},{"id":87290141,"title":"Page Password Template","order":8,"templateKey":"password","customTemplate":false,"customTemplateFilename":null,"pageLinks":[],"dateCreated":"2023-10-09T15:27:50.668Z","dateUpdated":"2023-10-09T15:27:51.251Z","folderId":null,"pageName":"Page Password Template","serverPageId":null,"status":2,"backwardUrl":null},{"id":185919427,"title":"404 Not Found Template","order":9,"templateKey":"404","customTemplate":false,"customTemplateFilename":null,"pageLinks":[],"dateCreated":"2023-10-09T15:27:50.742Z","dateUpdated":"2023-10-09T15:27:51.251Z","folderId":null,"pageName":"404 Not Found Template","serverPageId":null,"status":2,"backwardUrl":null},{"id":70391911,"title":"Thank You Page Template","order":10,"templateKey":"ThankYou","customTemplate":false,"customTemplateFilename":null,"pageLinks":[],"dateCreated":"2023-10-09T15:27:50.798Z","dateUpdated":"2023-10-09T15:27:51.251Z","folderId":null,"pageName":"Thank You Page Template","serverPageId":null,"status":2,"backwardUrl":null},{"id":550025424,"title":"Página Inicial","order":50,"templateKey":null,"customTemplate":false,"customTemplateFilename":null,"pageLinks":["96979240","2995924279"],"dateCreated":"2023-10-09T15:30:02.540Z","dateUpdated":"2023-10-11T23:49:02.820Z","folderId":null,"pageName":"Página Inicial_550025424","serverPageId":null,"status":2,"backwardUrl":null},{"id":266530574,"title":"Sobre","order":100,"templateKey":null,"customTemplate":false,"customTemplateFilename":null,"pageLinks":[],"dateCreated":"2023-10-09T15:27:50.841Z","dateUpdated":"2023-10-12T00:14:38.137Z","folderId":null,"pageName":"Sobre_266530574","serverPageId":null,"status":2,"backwardUrl":null},{"id":2995924279,"title":"Loja","order":101,"templateKey":null,"customTemplate":false,"customTemplateFilename":null,"pageLinks":[],"dateCreated":"2023-10-09T15:27:50.875Z","dateUpdated":"2023-10-12T00:23:46.316Z","folderId":null,"pageName":"Loja_2995924279","serverPageId":null,"status":2,"backwardUrl":null},{"id":96979240,"title":"Login","order":102,"templateKey":null,"customTemplate":false,"customTemplateFilename":null,"pageLinks":["54243839"],"dateCreated":"2023-10-09T18:06:48.485Z","dateUpdated":"2023-10-11T19:06:12.261Z","folderId":null,"pageName":"Login_96979240","serverPageId":null,"status":2,"backwardUrl":null},{"id":54243839,"title":"Cadastro","order":103,"templateKey":null,"customTemplate":false,"customTemplateFilename":null,"pageLinks":["96979240"],"dateCreated":"2023-10-11T18:51:13.515Z","dateUpdated":"2023-10-11T19:04:11.136Z","folderId":null,"pageName":"Cadastro_54243839","serverPageId":null,"status":2,"backwardUrl":null},{"id":42277946,"title":"Logado-pagina_inicial","order":104,"templateKey":null,"customTemplate":false,"customTemplateFilename":null,"pageLinks":["96979240","2995924279"],"dateCreated":"2023-10-12T00:14:58.147Z","dateUpdated":"2023-10-12T00:26:06.913Z","folderId":null,"pageName":"Logado-pagina_inicial_42277946","serverPageId":null,"status":2,"backwardUrl":null}]